<?xml version="1.0" encoding="UTF-8"?>
<flow xmlns="http://www.springframework.org/schema/webflow"
	xmlns:xsi="http://www.w3.org/2001/XMLSchema-instance"
	xsi:schemaLocation="http://www.springframework.org/schema/webflow  http://www.springframework.org/schema/webflow/spring-webflow-2.4.xsd">

	<var name="shippingAddress" class="com.ahmad.model.ShippingAddress" />
	<var name="billingAddress" class="com.ahmad.model.BillingAddress" />
	<var name="orderedItems" class="com.ahmad.model.OrderedItems" />
	<var name="orderDetail" class="com.ahmad.model.OrderDetail" />
	<var name="cart" class="com.ahmad.model.Cart" />
	<var name="cartItem" class="com.ahmad.model.CartItem" />
	<var name="checkoutTemp" class="com.ahmad.temp.CheckoutTemp"></var>

	<on-start>
		<evaluate expression="flowController.initFlow()" result="flowScope.checkoutTemp" />
	</on-start>

	<view-state id="checkout" view="cart/shippingAddress" model="shippingAddress">
		<transition on="submitShippingAddress" to="shippingDetails" />
	</view-state>

	<action-state id="shippingDetails">
		<evaluate
			expression="flowController.addShippingAddress(flowScope.checkoutTemp,shippingAddress)"></evaluate>
		<transition on="success" to="viewBillingDetails" />
	</action-state>

	<view-state id="viewBillingDetails" view="cart/billingAddress"
		model="billingAddress">
		<transition on="submitBillingAddress" to="billingDetails" />
	</view-state>

	<action-state id="billingDetails">
		<evaluate
			expression="flowController.addBillingAddress(flowScope.checkoutTemp,billingAddress)"></evaluate>
		<transition on="success" to="viewCardDetail" />
	</action-state>

	<view-state id="viewCardDetail" view="cart/cardDetail"
		model="cardDetail">
		<transition on="confirmCheckout" to="paymentDetails" />
	</view-state>

	<action-state id="paymentDetails">
		<evaluate
			expression="flowController.addCardDetails(flowScope.checkoutTemp,cardDetail)"></evaluate>
		<transition on="success" to="orderConfirm" />
	</action-state>


	<view-state id="orderConfirm" view="cart/orderConfirmed">
		<transition on="finalHome" to="toHome" />
	</view-state>


<!-- 
	<end-state id="orderConfirm" view="cart/orderConfirmed"/> -->	
	<end-state id="toCartView" view="externalRedirect:contextRelative:/user/cart/" />
	<end-state id="toHome" view="externalRedirect:contextRelative:/index" />

	<global-transitions>
		<transition on="cancel" to="toCartView" />
		<!-- <transition on="finalHome" to="toHome" /> -->
	</global-transitions>

</flow>	
