<?xml version="1.0" encoding="UTF-8"?>
<beans:beans xmlns="http://www.springframework.org/schema/security"
    xmlns:beans="http://www.springframework.org/schema/beans"
    xmlns:xsi="http://www.w3.org/2001/XMLSchema-instance"
    xmlns:mvc="http://www.springframework.org/schema/mvc"
    xmlns:context="http://www.springframework.org/schema/context"
    xsi:schemaLocation="http://www.springframework.org/schema/beans 
    					http://www.springframework.org/schema/beans/spring-beans-4.0.xsd
					    http://www.springframework.org/schema/security 
					    http://www.springframework.org/schema/security/spring-security-4.0.xsd
					    http://www.springframework.org/schema/mvc
        http://www.springframework.org/schema/mvc/spring-mvc-4.0.xsd
        http://www.springframework.org/schema/context
        http://www.springframework.org/schema/context/spring-context-4.0.xsd">
					    
			
	<!-- enable use-expressions -->
	<http auto-config="true" use-expressions="true">
		
		<!-- enable csrf protection -->
		<csrf disabled="true" />
	
		<intercept-url pattern="/" access="isAnonymous()" />
		<intercept-url pattern="/home" access="hasAnyRole('ROLE_USER,ROLE_ADMIN')" />
		<intercept-url pattern="/admin/**" access="hasRole('ROLE_ADMIN')" />
		<intercept-url pattern="/user/cart/**" access="hasRole('ROLE_USER')"/>

		<!-- access denied page -->
		 <access-denied-handler error-page="/403" /> 
		
		<form-login login-page="/login" 
					login-processing-url="/j_spring_security_check"
					default-target-url="/home" 
					always-use-default-target="false"
					authentication-failure-url="/login?error=true" 
					username-parameter="username" 
					password-parameter="password" />
					
		<logout logout-url="/logout"
				logout-success-url="/login?logout" 
				delete-cookies="jSESSIONID"
				invalidate-session="true" />	
	</http>

	<!-- Select userDetails and userRoles from database -->
	<authentication-manager>
		<authentication-provider>
			<jdbc-user-service data-source-ref="myDataSource" 
							users-by-username-query="select id, password, enabled from user where id = ?"
							authorities-by-username-query="SELECT id, role FROM user WHERE id = ?" />
		</authentication-provider>
	</authentication-manager>
</beans:beans>	